{
    "loss": 0.5109232664108276,
    "accuracy": 0.8879310488700867
}